id;address;location;pincode
1;models CFP Franc Human;Quality;76591
2;Configuration;Home Loan Account;30332
3;index navigating Solutions;Handcrafted Concrete Chicken Architect South Dakota;88043
4;Michigan Cambridgeshire Pants;convergence;42173
5;Buckinghamshire;methodical;17366
6;override Chair Credit Card Account;Developer;17893
7;Chile;Tuna index;84516
8;Ports Designer;South Georgia and the South Sandwich Islands;56707
9;solution Incredible capacitor;circuit hacking;24925
10;Timor-Leste;grow override Personal Loan Account;66999
