id;heading;content
1;database Frozen Managed;Awesome Wooden Cheese Toys Qatari Rial
2;Netherlands Graphical User Interface vertical;Baby bypassing
3;Illinois strategize Cambridgeshire;Forward
4;Legacy Product Soft;Future
5;bandwidth United Kingdom turn-key;Applications compressing Tasty
6;web services;Planner withdrawal
7;functionalities Optimization Visionary;Aruban Guilder success Refined Plastic Chair
8;digital Rustic Gloves;Quality monitor Texas
9;withdrawal enable target;one-to-one channels
10;Practical Buckinghamshire lavender;cross-platform Practical
